Room,Mon_08:00,Mon_09:00,Mon_10:00,Mon_11:00,Mon_12:00,Mon_13:00,Mon_14:00,Mon_15:00,Mon_16:00,Mon_17:00,Mon_18:00,Mon_19:00,Mon_20:00,Tue_08:00,Tue_09:00,Tue_10:00,Tue_11:00,Tue_12:00,Tue_13:00,Tue_14:00,Tue_15:00,Tue_16:00,Tue_17:00,Tue_18:00,Tue_19:00,Tue_20:00,Wed_08:00,Wed_09:00,Wed_10:00,Wed_11:00,Wed_12:00,Wed_13:00,Wed_14:00,Wed_15:00,Wed_16:00,Wed_17:00,Wed_18:00,Wed_19:00,Wed_20:00,Thu_08:00,Thu_09:00,Thu_10:00,Thu_11:00,Thu_12:00,Thu_13:00,Thu_14:00,Thu_15:00,Thu_16:00,Thu_17:00,Thu_18:00,Thu_19:00,Thu_20:00,Fri_08:00,Fri_09:00,Fri_10:00,Fri_11:00,Fri_12:00,Fri_13:00,Fri_14:00,Fri_15:00,Fri_16:00,Fri_17:00,Fri_18:00,Fri_19:00,Fri_20:00,Sat_08:00,Sat_09:00,Sat_10:00,Sat_11:00,Sat_12:00,Sat_13:00,Sat_14:00,Sat_15:00,Sat_16:00,Sat_17:00,Sat_18:00,Sat_19:00,Sat_20:00
A-4,,,English - II (BSBA-2F1) Dr. Zahida Mansoor,English - II (BBA-2A1) Dr. Zahida Mansoor,,Environmental Science and Sustainability for Business (BFT-4A) Dr. Saman Shahid,,,,,,,,Business Communication (BSBA-6A) Moatter Arif,,Environmental Science and Sustainability for Business (BFT-4C) Dr. Saman Shahid,Financial Accounting (BFT-2A) Azam Saleem,,Financial Accounting (BFT-2B) Azam Saleem,,,,,,,,Data Analysis for Business - I (BBA-2D) Anum Mehmood,,English - II (BSBA-2F1) Dr. Zahida Mansoor,English - II (BBA-2A1) Dr. Zahida Mansoor,,Environmental Science and Sustainability for Business (BFT-4A) Dr. Saman Shahid,,,,,,,,Business Communication (BSBA-6A) Moatter Arif,,Environmental Science and Sustainability for Business (BFT-4C) Dr. Saman Shahid,Financial Accounting (BFT-2A) Azam Saleem,,Financial Accounting (BFT-2B) Azam Saleem,,,,,,,,Business Ethics (BAF-8A) Dr. Saif Maqbool,,Business Ethics (BAF-8B) Dr. Saif Maqbool,,,,,,,,,,,,,,,,,,,,,,,
A-7,Data Analysis for Business - I (BBA-2D) Anum Mehmood,,Data Analysis for Business - I (BFT-2B) Anum Mehmood,English - II (BBA-2C1) Dr. Kalsoom Jahan,,Fundamentals of Business Analytics (BSBA-4B) Aiza Aftab,Business Law (BBA-6A) Syed Ali Hassnain Naqvi,,Business Law (BBA-6B) Syed Ali Hassnain Naqvi,,,,,IT in Business (BBA-2B) Umer Qadir [8:30 to 10:30],,,,,Environmental Science and Sustainability for Business (BFT-4E) Shahpara Hanif,Environmental Science and Sustainability for Business (BFT-4D) Shahpara Hanif,,,,,,,Financial Accounting (BFT-2D) Faiqa Waqar,,Corporate Accounting-II (BAF-4A) Faiqa Waqar,Methods in Business Research (BBA-6A) Dr. Zia Khan,,,,,,,,,,Financial Risk Management (BAF-8B) Agha Mureed Ahmed,,Financial Risk Management (BAF-8A) Agha Mureed Ahmed,Introduction to Database Systems (BFT-4C) Nida Aslam,,Environmental Science and Sustainability for Business (BFT-4E) Shahpara Hanif,Environmental Science and Sustainability for Business (BFT-4D) Shahpara Hanif,,Financial Accounting (BFT-2C) Farwa Zahra,,,,,,,,,,,,,,,,,,,,,,,,,,,,,,
C-1,EE1005,,MT1008,CS4038,,,,SS1015,,,,,,SS2036,,CS3014,MT1008,,MT1008,SS2036,,,,,,,,,MT1008,CS4038,,Financial Accounting (BAF-2B) Amir Gill,Business Math - II (BAF-4A) Dr. Qasim Noor,,Business Math - II (BAF-4B) Dr. Qasim Noor,,,,,SS2036,,CS3014,MT1008,,MT1008,SS2036,,,,,,,EE1005,,SS2043,,,,SS2043,,,,,,,,,,,,,,,,,,,
C-10,Financial Institutions and Markets (BFT-6A) Sidra Salman,,Financial Institutions and Markets (BFT-6B) Sidra Salman,Marketing Management (BSBA-2B) Dr. Munazza Saeed,,,,,Business Math - II (BAF-4B) Dr. Qasim Noor,,Finance for Managers (MB2-2A) Shakeel Ahmad,,,Business Finance (BBA-4B) Sidra Salman,,Taxation (BAF-8B) Aamer Allauddin,English - II (BSBA-2A1) Zainab Mubarak,,Taxation (BAF-8A) Aamer Allauddin,Fundamentals of Business Analytics (BSBA-4D) Dr. Hakeem ur Rehman,,Business Analytics (BAF-6A) Dr. Hakeem ur Rehman,,Decision Science for Business (MSBA-2A) Zeeshan Riaz,,,Business Finance (BSBA-4B) Noor Zahid,,Corporate Accounting-II (BAF-4B) Aamer Allauddin,Marketing Management (BSBA-2B) Dr. Munazza Saeed,,Marketing Management (BSBA-2C) Faisal Saleh,Business Research & Data Mining (BFT-6A) Dr. Sabeeh Iqbal,,Business Research & Data Mining (BFT-6B) Dr. Sabeeh Iqbal,,Decision Science for Business (MSBA-2B) Zeeshan Riaz,,,Business Finance (BBA-4B) Sidra Salman,,Taxation (BAF-8B) Aamer Allauddin,English - II (BSBA-2B1) Halima Altaf,,Taxation (BAF-8A) Aamer Allauddin,Fundamentals of Business Analytics (BSBA-4D) Dr. Hakeem ur Rehman,,Business Analytics (BAF-6A) Dr. Hakeem ur Rehman,,Managerial Economics (MB2-2A) Dr. Mujahid Hussain,,,,,Corporate Accounting-II (BAF-4B) Aamer Allauddin,,,,,,,,Quantitative Methods (MB2-2A) Dr Syed Tauseef Saeed,,,,,,,,,,,,,,,
C-11,,,English - II (BSBA-2E1) Dr. Saadia Rasheed,English - II (BSBA-2D1) Uzma Safdar,,English - II (BFT-2D1) Uzma Safdar,Data Analysis for Business - I (BAF-2E) Zoya Faisal,,Data Analysis for Business - I (BAF-2D) Zoya Faisal,,,,,Accounting for Decision Making (BAF-6A) Saleena Gul,,English - II (BAF-2C1) Rafia Dastagir,English - II (BSBA-2B2) Rafia Dastgir,,Business Communication (BBA-4B) Dr. Bushra Usman,Marketing Management (BBA-2C) Misal Hasan,,Financial Accounting (BBA-2C) Farwa Zahra,,Managing Human Resources (MB2-2A) Mohsin Nishat,,,,,English - II (BSBA-2E1) Dr. Saadia Rasheed,English - II (BSBA-2D1) Uzma Safdar,,English - II (BFT-2D1) Uzma Safdar,Data Analysis for Business - II (BFT-4C) Dr Yasir Rafique,,Data Analysis for Business - II (BFT-4D) Dr Yasir Rafique,,Data Driven Decision Making and Optimization (MSBA-4B) Abdul Hannan,,,Accounting for Decision Making (BAF-6A) Saleena Gul,,English - II (BAF-2C1) Rafia Dastagir,English - II (BSBA-2B2) Rafia Dastgir,,Business Communication (BBA-4B) Dr. Bushra Usman,Programming for Business (BFT-2B) Nida Aslam,,Programming for Business (BFT-2A) Nida Aslam,,Advanced Research Methods (MSBA-2A) Dr. Akbar Azam,,,,,Business Ethics (BBA-8B) Dr. Fatima Omer,Business Ethics (BBA-8A) Dr. Fatima Omer,,,,,,,Advanced Research Methods (MSBA-2B) Dr. Akbar Azam,,,,,,,,,,,,,,,
C-12,Business Communication (BBA-4A) Dr. Bushra Usman,,English - II (BSBA-2E2) Dr. Kalsoom Jahan,English - II (BSBA-2D2) Ayesha Imtiaz,,Pakistan Studies (BBA-2B) [1:00 to 3:00] Ayesha Nadeem,,,,,,,,Business Ethics (BBA-8C) Dr. Fatima Omer,,English - II (BAF-2D2) Namra Fazal,English - II (BAF-2B1) Namra Fazal,,English - II (BAF-2E1) Aqsa Naz,Empowering Organization with Analytics and Data Visualization (BAF-6A) Bilal Qaisar,,Introduction to Database Systems (BFT-4E) Aqib Zeeshan,,Data Driven Decision Making and Optimization (MSBA-4A) Abdul Hannan,,,Business Communication (BBA-4A) Dr. Bushra Usman,,English - II (BSBA-2E2) Dr. Kalsoom Jahan,English - II (BSBA-2D2) Ayesha Imtiaz,,Methods in Business Research (BAF-6A) Dr. Usama Najam,Financial Reporting and Analysis (MB-2A) Shakeel Ahmad,,,,Cases in Management (MB-2N) Dr. Hamid Hassan,,,Business Ethics (BBA-8C) Dr. Fatima Omer,,English - II (BAF-2D2) Namra Fazal,English - II (BAF-2B1) Namra Fazal,,English - II (BAF-2E1) Aqsa Naz,Empowering Organization with Analytics and Data Visualization (BAF-6A) Bilal Qaisar,,Financial Accounting (BSBA-2D) Rashid Minhas,,Machine Learning Models for Business Analytics (MSBA-2B) Zummar Saad,,,,,Islamic Studies/Ethics & Understanding Sirat-un-Nabi (PBUH) (BAF-2A) [10:00 to 11:50 & 12:00 to 12:50] Dr. Neelam Bano,,,,Islamic Studies/Ethics & Understanding Sirat-un-Nabi (PBUH) (BAF-2C) [2:30 to 4:20 & 4:30 to 5:20] Sajjad Bashir,,,,Machine Learning Models for Business Analytics (MSBA-2A) Zummar Saad,,,,,,,,,,,,,,,
C-13,SS1015,,,,,SS1015,,,,,,,,,,CS4115,SE4001,,,MT1008,,SS2043,,,,,SS1007,,SS1019,,,CS4059,,,,,,,,SS1015,,,English - II (BSBA-2A1) Zainab Mubarak,,Macroeconomics (BBA-4A) Dr. Wasif Zafar,MT1008,,SS2043,,,,,,,Islamic Studies/Ethics & Understanding Sirat-un-Nabi (PBUH) (BAF-2B) [10:00 to 11:50 & 12:00 to 12:50] Sajjad Bashir,,,,Islamic Studies/Ethics & Understanding Sirat-un-Nabi (PBUH) (BAF-2D) [2:30 to 4:20 & 4:30 to 5:20] Fawad,,,,,,,,,,,,,,,,,,,
C-14,Business Math - II (BSBA-4D) Muhammad Saleem Chishti,,Business Math - II (BSBA-4C) Muhammad Saleem Chishti,CS4032,,Financial Accounting (BAF-2A) Amir Gill,Financial Institutions and Markets (BBA-6B) Dr. Wasif Zafar,,Methods in Business Research (BBA-6A) Dr. Zia Khan,,,,,,,CS3009,SS1007,,SS1019,,,,,,,,,,,CS4032,,Business Finance (BSBA-4A) Noor Zahid,Financial Institutions and Markets (BBA-6B) Dr. Wasif Zafar,,Financial Institutions and Markets (BBA-6A) Dr. Wasif Zafar,,,,,Macroeconomics (BSBA-4C) Sadia Bilal,,CS3009,Business Finance (BAF-4A) Mobeen Ajmal,,Business Finance (BAF-4B) Mobeen Ajmal,Business Finance (BFT-4E) Khalil ur Rahman,,Fundamentals of Business Analytics (BSBA-4C) Aiza Aftab,,,,,Business Communication (BSBA-6B) Moatter Arif,,Islamic Studies/Ethics & Understanding Sirat-un-Nabi (PBUH) (BSBA-2C) [10:00 to 11:50 & 12:00 to 12:50] Aneeqa,,,,Islamic Studies/Ethics & Understanding Sirat-un-Nabi (PBUH) (BAF-2E) [2:30 to 4:20 & 4:30 to 5:20] Naseer,,,,,,,,,,,,,,,,,,,
C-15,English - II (BBA-2B1) Zakia Naeem,,English - II (BAF-2A1) Hajra Ikram,English - II (BSBA-2C1) Mahnoor Chaudhry,,Business Finance (BSBA-4C) Noor Zahid,Methods in Business Research (BAF-6A) Dr. Usama Najam,,,,,,,Fundamentals of Management (BFT-2A) Dr. Saif Maqbool,,English - II (BAF-2C2) Areeba Nadeem,English - II (BAF-2B2) Rubab Arshad,,English - II (BAF-2E2) Zainab Mubarak,Fundamentals of Management (BAF-2B) Arooj Alvi,,Fundamentals of Management (BAF-2A) Arooj Alvi,,,,,English - II (BBA-2B1) Zakia Naeem,,English - II (BAF-2A1) Hajra Ikram,English - II (BSBA-2C1) Mahnoor Chaudhry,,,Business Law (BFT-6B) Dr. Abdul Aziz Khan Niazi,,Business Law (BFT-6A) Dr. Abdul Aziz Khan Niazi,,,,,,,English - II (BAF-2C2) Areeba Nadeem,English - II (BAF-2B2) Rubab Arshad,,English - II (BAF-2E2) Zainab Mubarak,Fundamentals of Management (BAF-2B) Arooj Alvi,,Fundamentals of Management (BAF-2A) Arooj Alvi,,,,,,,Islamic Studies/Ethics & Understanding Sirat-un-Nabi (PBUH) (BSBA-2D) [10:00 to 11:50 & 12:00 to 12:50] Abdul Khaliq,,,,Islamic Studies/Ethics & Understanding Sirat-un-Nabi (PBUH) (BSBA-2A) [2:30 to 4:20 & 4:30 to 5:20] Dr. Neelam Bano,,,,,,,,,,,,,,,,,,,
C-16,English - II (BBA-2B2) Namra Fazal,,English - II (BAF-2A2) Razm ul Zafar,English - II (BSBA-2C2) Dr. Iram Amjad,,Data Analysis for Business - I (BFT-2C) Aroosa Safdar,Data Analysis for Business - I (BFT-2D) Aroosa Safdar,,,,,,,,,English - II (BFT-2A1) Ayesha Imtiaz,English - II (BSBA-2B1) Halima Altaf,,Data Analysis for Business - I (BFT-2A) Aroosa Safdar,Programming for Business (BFT-2B) Nida Aslam,,Programming for Business (BFT-2A) Nida Aslam,,,,,English - II (BBA-2B2) Namra Fazal,,English - II (BAF-2A2) Razm ul Zafar,English - II (BSBA-2C2) Dr. Iram Amjad,,Data Analysis for Business - I (BFT-2C) Aroosa Safdar,Data Analysis for Business - I (BFT-2D) Aroosa Safdar,,Machine Learning for Business Analytics (BSBA-6A) Dr. Hakeem ur Rehman,,,,,,,Methods in Business Research (BBA-6B) Dr. Syed Nauman Ahmad,Financial Accounting  (BAF-2E) Ghualm Fatima,,Data Analysis for Business - I (BFT-2A) Aroosa Safdar,Business Data and Text Mining (BSBA-8B) Asif Ahsan,,Business Data and Text Mining (BSBA-8A) Asif Ahsan,,,,,Islamic Studies/Ethics & Understanding Sirat-un-Nabi (PBUH) (BSBA-2E) [8:30 to 10:30 & 10:30 to 11:30] Hamza Janjua,,,,,,Islamic Studies/Ethics & Understanding Sirat-un-Nabi (PBUH) (BSBA-2B) [2:30 to 4:20 & 4:30 to 5:20] Aneeqa,,,,,,,,,,,,,,,,,,,
C-2,EE1005,,EE1005,SS2043,,,,SS2043,,,,,,Financial Accounting  (BAF-2E) Ghualm Fatima,,MG2011,MT1008,,MT1008,Data Analysis for Business - I (BAF-2A) Maria Khalid,,Data Analysis for Business - I (BAF-2B) Maria Khalid,,,,,EE1005,,EE1005,SS1007,,SS1019,,SS2043,,,,,,,,MG2011,MT1008,,MT1008,Business Math - II (BBA-4A) Dr. Kashif Sadiq,,Business Math - II (BBA-4B) Dr. Kashif Sadiq,,,,,,,,,,,,SS2043,,,,,,,,,,,,,,,,,,
C-3,,,SS1014,,,,MT1008,,SS2043,,,,,EE1005,,MT1008,MT1008,,CS4037,Environmental Science and Sustainability for Business (BBA-4B) Uswa Aamir,,Environmental Science and Sustainability for Business (BBA-4A) Uswa Aamir,,,,,,,SS1007,,SS1019,,MT1008,,SS2043,,,,,EE1005,,MT1008,MT1008,,CS4037,,,,,,,,Financial Accounting (BFT-2D) Faiqa Waqar,,Corporate Accounting-II (BAF-4A) Faiqa Waqar,,,Jummah Break,,,,,,,,,,,,,,,,,,,,
C-4,,,CS4001,EE1005,,,SS2043,,,,,,,SS1014,,SS1014,,,SS1014,,SS1015,,,,,,,,EE1005,EE1005,,,,,,,,,,,,,SS2043,,SS2043,,,,,,,,Financial Risk Management (BAF-8B) Agha Mureed Ahmed,,Financial Risk Management (BAF-8A) Agha Mureed Ahmed,Marketing Management (BBA-2A) Imran Alamgir,,,Financial Accounting (BAF-2B) Amir Gill,,Financial Accounting (BAF-2A) Amir Gill,,,,,,,,,,,,,,,,,
C-5,,,SS1007,,SS1019,,Business Math - II (BAF-4A) Dr. Qasim Noor,,MT1008,,,,,SS1014,,SS1014,,SS2043,,Business Math - II (BBA-4A) Dr. Kashif Sadiq,,Business Math - II (BBA-4B) Dr. Kashif Sadiq,,,,,CS5001,,,English - II (BFT-2C1) Zakia Naeem,,Fundamentals of Business Analytics (BSBA-4C) Aiza Aftab,,,MT1008,,,,,,,English - II (BAF-2D1) Zoha Haseeb,EE1005,,,SS2043,,Introduction to Database Systems (BFT-4E) Aqib Zeeshan,,,,,SS1007,,SS1019,EE1005,,,SS1007,,SS1019,,,,,,,,,,,,,,,,,
C-6,SS1007,,SS1019,SS1007,,SS1019,,SS1015,,,,,,SS1014,,SS1014,,,,,,,,,,,SS1015,,,SS2043,,,SS1007,,SS1019,,,,,,,Financial Statement Analysis (BAF-6A) Mobeen Ajmal,,SS2043,,SS2043,,,,,,,,,,Marketing Management (BBA-2D) Misal Hasan,,,Data Analysis for Business - I (BAF-2A) Maria Khalid,,Data Analysis for Business - I (BAF-2B) Maria Khalid,,,,,,,,,,,,,,,,,
C-7,SS1014,,,SS1014,,,SS1007,,SS1019,,,,,SS1014,,SS1014,,,,SS1007,,SS1019,,,,,SS1015,,SS1014,,,,SS1007,,SS1019,,,,,SS1007,,SS1019,SE4001,,Macroeconomics (BAF-4A) Zunaira Ahmed,Macroeconomics (BAF-4B) Zunaira Ahmed,,Data Analysis for Business - I (BAF-2C) Ashar Hayat,,,,,Pakistan Studies (BBA-2D) [8:30 to 10:30] Zeeshan Ramzan,,,,,,,,Critical Thinking (BFT-4B) Dr. Waseem Hassan [4:00 to 6:00],,,,,,,,,,,,,,,,,
C-8,Macroeconomics (BSBA-4C) Sadia Bilal,,Macroeconomics (BSBA-4B) Sadia Bilal,English - II (BFT-2C1) Zakia Naeem,,IT in Business (BBA-2C) Sana Fatima [1:00 to 3:00],,,,,Strategic Pricing Management (MB-2N) FAGHIA MAZHAR,,,Financial Accounting (BSBA-2C) Rashid Minhas,,English - II (BAF-2D1) Zoha Haseeb,Database Systems for Business (BSBA-6A) Aqib Zeeshan,,Marketing Management (BSBA-2E) Dr. Munazza Saeed,Human Resource Metrics (BAF-6A) Zoya Faisal,,,,,,,Business Communication (BSBA-6B) Moatter Arif,,Data Analysis for Business - I (BFT-2B) Anum Mehmood,English - II (BFT-2C2) Razm ul Zafar,,English - II (BFT-2D2) Hajra Ikram,Data Analysis for Business - I (BAF-2E) Zoya Faisal,,Data Analysis for Business - I (BAF-2D) Zoya Faisal,,,,,Business Ethics (BAF-8A) Dr. Saif Maqbool,,English - II (BFT-2A1) Ayesha Imtiaz,Marketing Management (BSBA-2D) Dr. Munazza Saeed,,Marketing Management (BSBA-2E) Dr. Munazza Saeed,Human Resource Metrics (BAF-6A) Zoya Faisal,,Marketing Management (BBA-2A) Imran Alamgir,,,,,,,Environmental Science and Sustainability for Business (BBA-4A) Uswa Aamir,Environmental Science and Sustainability for Business (BBA-4B) Uswa Aamir,,,Financial Accounting (BSBA-2D) Rashid Minhas,,Financial Accounting (BSBA-2C) Rashid Minhas,,Project Management (MSBA-4A) Imran Alamgir,,,,,,,,,,,,,,,
C-9,Programming for Business (BFT-2C) Shumaila Arshad,,English - II (BSBA-2F2) Namra Fazal,English - II (BFT-2C2) Razm ul Zafar,,English - II (BFT-2D2) Hajra Ikram,Critical Thinking (BFT-4E) Hajra Ikram [2:30 to 4:30],,,,Decision Science for Business (MB-2N) Abdul Hannan,,,Programming for Business (BFT-2D) Shumaila Arshad,,English - II (BFT-2A2) Dr. Iram Amjad,English - II (BSBA-2A2) Dr. Iram Amjad,,Business Law (BBA-8A) Dr. Mujahid Hussain,Contextual Marketing and Product Analytics (BAF-6A),,Digital Marketing (BAF-6A) Mr. Faizan Elahi,,Financial Reporting and Analysis (MB-2N) Shakeel Ahmad,,,Programming for Business (BFT-2C) Shumaila Arshad,,Entrepreneurship (BBA-8A) Salmaan Rahman,Business Finance (BBA-4A) Dr. Omer Mehmood,,Entrepreneurship (BBA-8B) Salmaan Rahman,Data Analysis for Business - I (BSBA-2C) Ashar Hayat,,Data Analysis for Business - I (BSBA-2D) Ashar Hayat,,Advanced Research Methods (MB2-2A) Dr. Beenish Arshad,,,Programming for Business (BFT-2D) Shumaila Arshad,,English - II (BFT-2A2) Dr. Iram Amjad,English - II (BSBA-2A2) Dr. Iram Amjad,,Business Law (BBA-8A) Dr. Mujahid Hussain,Contextual Marketing and Product Analytics (BAF-6A) Faizan Elahi,,Digital Marketing (BAF-6A) Mr. Faizan Elahi,,Human Resources Information System (MB-2N) Farooq Ahmad Randhawa,,,,,Entrepreneurship (BBA-8A) Salmaan Rahman,Entrepreneurship (BBA-8B) Salmaan Rahman,,,Data Analysis for Business - I (BSBA-2C) Ashar Hayat,,Data Analysis for Business - I (BSBA-2D) Ashar Hayat,,Communication for Managers (MB2-4A) Sidra Mehmood,,,,,,,,,,,,,,,
CRMG,,,,,,,,,,,,,,,,,,,,,,,,,,,,,,,,,Seminar in Organizational Behavior (PMG-2A) [2:30 pm to 5:30 pm] Dr. Ahmad Qammar,,,,,,,,,,,,,,,,,,,,,,,,,,Advanced Econometrics (PMG-2A) [2:30 pm to 5:30 pm] Dr. Muhammad Wasif Zafar,,,,,,,,,,Advanced Qualitative Research Methods (PMG-2A) [11:30 AM to 2:30 pm] Dr. Tayyeb Ali,,,,,Advanced Quantitative Research Methods (PMG-2A) [4:00 to 7:00 pm] Dr. Akbar Azam,,,,
D-1,Fundamentals of Management (BFT-2D) Dr. Madiha Waheed,,Business Strategy (BSBA-8B) Dr. Usama Najam,Business Strategy (BSBA-8A) Dr. Usama Najam,,Financial Institutions and Markets (BBA-6A) Dr. Wasif Zafar,Fundamentals of Management (BAF-2D) Muhammad Ali,,Fundamentals of Management (BAF-2E) Muhammad Ali,,,,,,,,Entrepreneurship (BBA-8C) Salmaan Rahman,,Web Programming (BFT-6A) Saifullah Tanvir,,,,,,,,Data Analysis for Business - I (BSBA-2A) Batool Imtiaz,,Data Analysis for Business - I (BSBA-2B) Batool Imtiaz,Macroeconomics (BBA-4B) Zunaira Ahmed,,Macroeconomics (BSBA-4D) Zunaira Ahmed,Business Law (BBA-6A) Syed Ali Hassnain Naqvi,,Business Law (BBA-6B) Syed Ali Hassnain Naqvi,,,,,,,,,,Web Programming (BFT-6A) Saifullah Tanvir,,,,,,,,Fundamentals of Management (BFT-2C) Dr. Madiha Waheed,,Fundamentals of Management (BFT-2D) Dr. Madiha Waheed,Business Finance (BBA-4A) Dr. Omer Mehmood,,,Macroeconomics (BAF-4A) Zunaira Ahmed,,,,,,,,,,,,,,,,,,,
D-11,SS1014,,,EE1005,,CS4059,Business Data and Text Mining (BSBA-8B) Asif Ahsan,,Business Data and Text Mining (BSBA-8A) Asif Ahsan,,,,,SS1015,,,CS4001,,Financial Institutions and Markets (BAF-6A) Khalil ur Rahman,MT1004,,MT1004,,,,,,SS1015,,EE1005,,,SS2043,,,,,,,,,CS4115,CS4001,,,MT1004,,MT1004,,,,,Macroeconomics (BSBA-4A) Sadia Bilal,,Business Finance (BSBA-4A) Noor Zahid,Business Finance (BSBA-4B) Noor Zahid,,,,,,,,,,,,,,,,,,,,,,
D-12,Data Analysis for Business - I (BSBA-2A) Batool Imtiaz,,Data Analysis for Business - I (BSBA-2B) Batool Imtiaz,English - II (BBA-2C2) Hajra Ikram,,,Empowering Organization with Analytics and Data Visualization (BSBA-6A) Bilal Qaisar,,Empowering Organization with Analytics and Data Visualization (BSBA-6B) Bilal Qaisar,,,,,Methods in Business Research (BSBA-6B) Dr. Zia Khan,,Methods in Business Research (BSBA-6A) Dr. Zia Khan,Fundamentals of Management (BFT-2B) Dr. Beenish Arshad,,Macroeconomics (BBA-4A) Dr. Wasif Zafar,Introduction to Database Systems (BFT-4B) Gull Bano Anwar,,Introduction to Database Systems (BFT-4A) Gull Bano Anwar,,,,,Financial Accounting (BSBA-2B) Saleena Gul,,Financial Accounting (BSBA-2A) Saleena Gul,Business Ethics (BBA-8B) Dr. Fatima Omer,,Business Ethics (BBA-8A) Dr. Fatima Omer,Data Analysis for Business - I (BSBA-2F) Sana Anwar,,Data Analysis for Business - I (BSBA-2E) Sana Anwar,,,,,Methods in Business Research (BSBA-6B) Dr. Zia Khan,,Methods in Business Research (BSBA-6A) Dr. Zia Khan,Fundamentals of Management (BFT-2B) Dr. Beenish Arshad,,Financial Accounting (BBA-2C) Farwa Zahra,Cases in Management (MB-2A) Dr. Fatima Omer,,,,,,,Psychology (BAF-2C) [8:30 to 10:30] Aisha Bano,,,,,,Data Analysis for Business - I (BSBA-2F) Sana Anwar,,Data Analysis for Business - I (BSBA-2E) Sana Anwar,,,,,,,,,,,,,,,,,
D-13,Civics and Community Engagement (BAF-4A) [8:30 to 10:30] Namra Umer Khan,,,,,Psychology (BSBA-2A) [1:00 to 3:00] Ms Aisha Bano,,,,,,,,Pakistan Studies (BSBA-4D) [8:30 to 10:30] Namra Umer Khan,,,,,Pakistan Studies  (BSBA-4A) [1:00 to 3:00] Fatima Kamran,,,,,,,,Financial Institutions and Markets (BFT-6A) Sidra Salman,,Financial Institutions and Markets (BFT-6B) Sidra Salman,Fundamentals of Management (BAF-2C) Arooj Alvi,,Marketing Management (BBA-2B) Misal Hasan,Empowering Organization with Analytics and Data Visualization (BSBA-6A) Bilal Qaisar,,Empowering Organization with Analytics and Data Visualization (BSBA-6B) Bilal Qaisar,,,,,Business Communication (BFT-6A) Dr. Usman Yousaf,,Business Communication (BFT-6B) Dr. Usman Yousaf,Entrepreneurship (BBA-8C) Salmaan Rahman,,Financial Institutions and Markets (BAF-6A) Khalil ur Rahman,Marketing Management (BBA-2B) Misal Hasan,,,,,,,Pakistan Studies (BFT-2A) [8:30 to 10:30] Qurat Ul Ain Ilyas,,,,,,,,,,,,,,,,,,,,,,,,,
D-14,Pakistan Studies (BAF-4B) [8:30 to 10:30] Asma Sikander,,,,,Psychology (BSBA-2C) [1:00 to 3:00] Shagufta Shaheen,,,,,,,,Civics and Community Engagement (BSBA-4C) [8:30 to 10:30] Qurat Ul ain Ilyas,,,,,Civics and Community Engagement (BSBA-4B) [1:00 to 3:00] Namra Umer Khan,,,,,,,,Macroeconomics (BSBA-4A) Sadia Bilal,,Macroeconomics (BSBA-4B) Sadia Bilal,English - II (BBA-2C1) Dr. Kalsoom Jahan,,Database Systems for Business (BSBA-6B) Aqib Zeeshan,Financial Accounting (BBA-2D) Farwa Zahra,,Financial Statement Analysis (BAF-6A) Mobeen Ajmal,,,,,Marketing Management (BSBA-2A) Faisal Saleh,,Marketing Management (BSBA-2F) Faisal Saleh,Business Ethics (BAF-8B) Dr. Saif Maqbool,,Business Strategy (BSBA-8B) Dr. Usama Najam,Financial Accounting (BAF-2C) Ghualm Fatima,,Financial Accounting (BAF-2D) Ghualm Fatima,,Project Management (MSBA-4B) Imran Alamgir,,,Pakistan Studies (BFT-2B) [8:30 to 10:30] Muhammad Ashraf,,,,,,Ideology and Constitution of Pakistan (BFT-4E) Ayesha Nadeem & Understanding Sirat-un-Nabi (PBUH) (BFT-4E) [2:30 to 4:20 & 4:30 to 5:20]  Zia ur Rahman,,,,,,,,,,,,,,,,,,,
D-15,IT in Business (BBA-2A) Umer Qadir [8:30 to 10:30],,,,,Psychology (BSBA-2F) [1:00 to 3:00] Maira Asif,,,,,,,,Business Math - II (BSBA-4A) Dr. Hina Firdous,,Business Math - II (BSBA-4B) Dr. Hina Firdous,Data Analysis for Business - II (BFT-4A) Dr. Komal Kamran,,Data Analysis for Business - II (BFT-4B) Dr. Komal Kamran,Business Research & Data Mining (BFT-6B) Dr. Sabeeh Iqbal,,Business Research & Data Mining (BFT-6A) Dr. Sabeeh Iqbal,,,,,Distributed Data Engineering (BSBA-8A) Salman Tarique,,Distributed Data Engineering (BSBA-8B) Salman Tarique,English - II (BBA-2C2) Hajra Ikram,,Pakistan Studies (BBA-4A) [1:00 to 3:00] Dr. Hina,,,,,,,,Business Math - II (BSBA-4A) Dr. Hina Firdous,,Business Math - II (BSBA-4B) Dr. Hina Firdous,Data Analysis for Business - II (BFT-4A) Dr. Komal Kamran,,Data Analysis for Business - II (BFT-4B) Dr. Komal Kamran,Business Strategy (BSBA-8A) Dr. Usama Najam,,,,,,,Ideology and Constitution of Pakistan (BFT-4A) Muhammad Asif  & Understanding Sirat-un-Nabi (PBUH) (BFT-4A) [8:30 to 10:20 & 10:30 to 11:20] Zia ur Rahman,,,Macroeconomics (BAF-4B) Zunaira Ahmed,,,,,,,,,,,,,,,,,,,,,,
D-16,Financial Accounting (BSBA-2B) Saleena Gul,,Financial Accounting (BSBA-2A) Saleena Gul,Environmental Science and Sustainability for Business (BFT-4B) Dr. Saman Shahid,,English - II (BBA-2D1) Huma Asif,Database Systems for Business (BSBA-6B) Aqib Zeeshan,,Database Systems for Business (BSBA-6A) Aqib Zeeshan,,,,,Marketing Management (BBA-2D) Misal Hasan,,English - II (BFT-2B1) Halima Altaf,Methods in Business Research (BBA-6B) Dr. Syed Nauman Ahmad,,Financial Accounting (BFT-2C) Farwa Zahra,Financial Accounting (BBA-2A) Rizwan ul Hassan,,Financial Accounting (BBA-2B) Rizwan ul Hassan,,,,,,,English - II (BSBA-2F2) Namra Fazal,Environmental Science and Sustainability for Business (BFT-4B) Dr. Saman Shahid,,English - II (BBA-2D1) Huma Asif,Data Analysis for Business - I (BBA-2C) Arslan Aslam,,Data Analysis for Business - I (BBA-2A) Arslan Aslam,,,,,,,English - II (BFT-2B1) Halima Altaf,Business Math - II (BSBA-4C) Muhammad Saleem Chishti,,Business Math - II (BSBA-4D) Muhammad Saleem Chishti,Islamic Studies/Ethics & Understanding Sirat-un-Nabi (PBUH) (BSBA-2F) [2:30 to 4:20 & 4:30 to 5:20] Hamza Janjua,,,,,,,Ideology and Constitution of Pakistan (BFT-4B) Ayesha Aqeel & Understanding Sirat-un-Nabi (PBUH) (BFT-4B) [8:30 to 10:20 & 10:30 to 11:20] Abdul Khaliq,,,Machine Learning for Business Analytics (BSBA-6B) Zummar Saad,,,Financial Accounting (BBA-2A) Rizwan ul Hassan,,Financial Accounting (BBA-2B) Rizwan ul Hassan,,,,,,,,,,,,,,,,,
D-17,Advanced Business Communication (BBA-6B) B. Com-II Dr. Samar Kamal,,Advanced Business Communication (BBA-6A) Dr. Samar Kamal,English - II (BBA-2A2) Dr. Saadia Rasheed,,English - II (BBA-2D2) Zoha Haseeb,Data Analysis for Business - II (BFT-4C) Dr Yasir Rafique,,Data Analysis for Business - II (BFT-4D) Dr Yasir Rafique,,,,,Data Analysis for Business - II (BFT-4E) Anum Mehmood,,English - II (BFT-2B2) Huma Asif,Business Law (BBA-8B) Dr. Muhammad Ilyas,,Business Law (BBA-8C) Dr. Muhammad Ilyas,Data Analysis for Business - I (BBA-2B) Arslan Aslam,,Data Analysis for Business - I (BBA-2A) Arslan Aslam,,,,,Advanced Business Communication (BBA-6B) B. Com-II Dr. Samar Kamal,,Advanced Business Communication (BBA-6A) Dr. Samar Kamal,English - II (BBA-2A2) Dr. Saadia Rasheed,,English - II (BBA-2D2) Zoha Haseeb,,,,,,,,Data Analysis for Business - II (BFT-4E) Anum Mehmood,,English - II (BFT-2B2) Huma Asif,Business Law (BBA-8B) Dr. Muhammad Ilyas,,Business Law (BBA-8C) Dr. Muhammad Ilyas,Data Analysis for Business - I (BBA-2C) Arslan Aslam,,Data Analysis for Business - I (BBA-2B) Arslan Aslam,,,,,Ideology and Constitution of Pakistan (BFT-4D) Safina Zahoor & Understanding Sirat-un-Nabi (PBUH) (BFT-4D) [8:30 to 10:20 & 10:30 to 11:20] Umer Farooq,,,Marketing Management (BSBA-2A) Faisal Saleh,,,Financial Accounting (BBA-2D) Farwa Zahra,,,,,,,,,,,,,,,,,,,
D-2,,,AI2002,CS3009,,Business Finance (BSBA-4D) Dr. Iftikhar Ahmad,Business Finance (BFT-4D) Dr Ammar Abid,,Business Finance (BFT-4C) Dr Ammar Abid,,,,,,,,CS4001,,,Business Finance (BFT-4E) Khalil ur Rahman,,Data Analysis for Business - I (BAF-2C) Ashar Hayat,,,,,,,AI2002,CS3009,,Introduction to Database Systems (BFT-4C) Nida Aslam,Business Finance (BFT-4D) Dr Ammar Abid,,Business Finance (BFT-4C) Dr Ammar Abid,,,,,,,,CS4001 / Marketing Management (BBA-2C) Misal Hasan,,Introduction to Database Systems (BFT-4D) Aqib Zeeshan,Introduction to Database Systems (BFT-4B) Gull Bano Anwar,,Introduction to Database Systems (BFT-4A) Gull Bano Anwar,,,,,,,,,,,Machine Learning for Business Analytics (BSBA-6A) Dr. Hakeem ur Rehman,,,,,,,,,,,,,,,,,,,
D-3,,,,,,Macroeconomics (BBA-4B) Zunaira Ahmed,Macroeconomics (BSBA-4D) Zunaira Ahmed,,,,,,,,,,,,,Financial Accounting  (BAF-2C) Ghualm Fatima,,Financial Accounting  (BAF-2D) Ghualm Fatima,,,,,,,,,,Fundamentals of Management (BFT-2A) Dr. Saif Maqbool,Fundamentals of Management (BAF-2D) Muhammad Ali,,Fundamentals of Management (BAF-2E) Muhammad Ali,,,,,,,,,,,Business Finance (BSBA-4C) Noor Zahid,,Machine Learning for Business Analytics (BSBA-6B) Zummar Saad,,,,,Business Communication (BFT-6A) Dr. Usman Yousaf,,Business Communication (BFT-6B) Dr. Usman Yousaf,,,,Ideology and Constitution of Pakistan (BFT-4C) Muhammad Ashraf & Understanding Sirat-un-Nabi (PBUH) (BFT-4C) [2:30 to 4:20 & 4:30 to 5:20] Umer Farooq,,,,,,,,,,,,,,,,,,,
D-4,,,,,,,Applications of Business Analytics (BSBA-8A) Sheraz Ahmed,,Applications of Business Analytics (BSBA-8B) Sheraz Ahmed,,,,,,,,,,Introduction to Database Systems (BFT-4D) Aqib Zeeshan,Business Law (BFT-6A) Dr. Abdul Aziz Khan Niazi,,Business Law (BFT-6B) Dr. Abdul Aziz Khan Niazi,,,,,,,,,,,Financial Accounting (BSBA-2E) Touseef Ahmad,,Financial Accounting (BSBA-2F) Touseef Ahmad,,,,,,,,,,Fundamentals of Business Analytics (BSBA-4A) Aiza Aftab,,,,,,,,,,Marketing Management (BSBA-2F) Faisal Saleh,,,,Financial Accounting (BSBA-2E) Touseef Ahmad,,Financial Accounting (BSBA-2F) Touseef Ahmad,,,,,,,,,,,,,,,,,
D-5,,,CS4001,MG3033,,Marketing Management (BSBA-2D) Dr. Munazza Saeed,Business Finance (BAF-4B) Mobeen Ajmal,,Business Finance (BAF-4A) Mobeen Ajmal,,,,,SS1015,,SS1015,,,Business Finance (BSBA-4D) Dr. Iftikhar Ahmad,NS2002,,,,,,,,,CS4001,MG3033,,,,,,,,,,,,CS3009,CS3009,,,NS2002,,,,,,,Web Programming (BFT-6B) Mian Ahmed Shafique,,Fundamentals of Business Analytics (BSBA-4B) Aiza Aftab,Fundamentals of Business Analytics (BSBA-4A) Aiza Aftab,,,,,,,,,,,,,,,,,,,,,,
Embedded Lab,,,,,,,,,,,,,,,,,,,,,,,,,,,,,,,,,,,,,,,,EL1005,,,,,,EL1005,,,,,,,,,,,,,,,,,,,,,,,,,,,,,,,,
Eng Lab-1,,,English - II Lab (BBA-2D1) Rubab Arshad,English - II Lab (BSBA-2F1) Aqsa Naz,,English - II Lab (BAF-2C1) Aqsa Naz,English - II Lab (BAF-2A1) Aqsa Naz,,English - II Lab (BFT-2A1) Syeda Ghousia,,,,,SL1014,,SL1014,SL1014,,SL1014,SL1014,,SL1014,,,,,,,English - II Lab (BBA-2D1) Rubab Arshad,English - II Lab (BSBA-2F1) Aqsa Naz,,English - II Lab (BAF-2C1) Aqsa Naz,English - II Lab (BAF-2A1) Aqsa Naz,,English - II Lab (BFT-2A1) Syeda Ghousia,,,,,SL1014,,SL1014,SL1014,,SL1014,SL1014,,SL1014,,,,,,,,,,,,,,,,,,,,,,,,,,,,,,
Eng Lab-2,English - II Lab (BSBA-2D1) Rafia Dastgir,,English - II Lab (BBA-2D2) Rafia Dastgir,English - II Lab (BSBA-2F2) Rafia Dastgir,,English - II Lab (BAF-2C2) Mahnoor Ch.,English - II Lab (BAF-2A2) Arslan Anjum,,English - II Lab (BFT-2A2) Arslan Anjum,,,,,SL1014,,SL1014,SL1014,,SL1014,SL1014,,SL1014,,,,,English - II Lab (BSBA-2D1) Rafia Dastgir,,English - II Lab (BBA-2D2) Rafia Dastgir,English - II Lab (BSBA-2F2) Rafia Dastgir,,English - II Lab (BAF-2C2) Mahnoor Ch.,English - II Lab (BAF-2A2) Arslan Anjum,,English - II Lab (BFT-2A2) Arslan Anjum,,,,,SL1014,,SL1014,SL1014,,SL1014,SL1014,,SL1014,,,,,,,,,,,,,,,,,,,,,,,,,,,,,,
Eng Lab-3,English - II Lab (BSBA-2D2) Arfa Naeem,,English - II Lab (BBA-2B1) Arfa Naeem,English - II Lab (BSBA-2A1) Areeba Nadeem,,English - II Lab (BAF-2D1) Noor Fatima,English - II Lab (BAF-2B1) Noor Fatima,,English - II Lab (BFT-2B1) Noor Fatima,,,,,SL1014,,SL1014,English - II Lab (BBA-2A1) Mahnoor Ch.,,,SL1014,,,,,,,English - II Lab (BSBA-2D2) Arfa Naeem,,English - II Lab (BBA-2B1) Arfa Naeem,English - II Lab (BSBA-2A1) Areeba Nadeem,,English - II Lab (BAF-2D1) Noor Fatima,English - II Lab (BAF-2B1) Noor Fatima,,English - II Lab (BFT-2B1) Noor Fatima,,,,,SL1014,,SL1014,English - II Lab (BBA-2A1) Mahnoor Ch.,,,SL1014,,,,,,,,,,,,,,,,,,,,,,,,,,,,,,,,
Eng Lab-4,English - II Lab (BBA-2C1) Minahil Nasrullah,,English - II Lab (BBA-2B2) Minahil Nasrullah,English - II Lab (BSBA-2A2) Minahil Nasrullah,,English - II Lab (BAF-2D2) Tayyaba Amin,English - II Lab (BAF-2B2) Areeba Nadeem,,English - II Lab (BFT-2B2) Areeba Nadeem,,,,,SL1014,,SL1014,English - II Lab (BBA-2A2) Aqsa Naz,,,SL1014,,,,,,,English - II Lab (BBA-2C1) Minahil Nasrullah,,English - II Lab (BBA-2B2) Minahil Nasrullah,English - II Lab (BSBA-2A2) Minahil Nasrullah,,English - II Lab (BAF-2D2) Tayyaba Amin,English - II Lab (BAF-2B2) Areeba Nadeem,,English - II Lab (BFT-2B2) Areeba Nadeem,,,,,SL1014,,SL1014,English - II Lab (BBA-2A2) Aqsa Naz,,,SL1014,,,,,,,,,,,,,,,,,,,,,,,,,,,,,,,,
Eng Lab-5,,,English - II Lab (BSBA-2C1) Zainab Mubarak,English - II Lab (BSBA-2E1) Zainab Mubarak,,English - II Lab (BAF-2E1) Rubab Arshad,English - II Lab (BFT-2C1) Zainab Mubarak,,English - II Lab (BFT-2D1) Zoha Haseeb,,,,,SL1014,,SL1014,SL1014,,SL1014,SL1014 / English - II Lab (BSBA-2B1) Ayesha Imtiaz,,SL1014,,,,,,,English - II Lab (BSBA-2C1) Zainab Mubarak,English - II Lab (BSBA-2E1) Zainab Mubarak,,English - II Lab (BAF-2E1) Rubab Arshad,English - II Lab (BFT-2C1) Zainab Mubarak,,English - II Lab (BFT-2D1) Zoha Haseeb,,,,,SL1014,,SL1014,SL1014,,SL1014,SL1014 / English - II Lab (BSBA-2B1) Ayesha Imtiaz,,SL1014,,,,,,,,,,,,,,,,,,,,,,,,,,,,,,
Eng Lab-6,English - II Lab (BBA-2C2) Menahil Ramzan,,English - II Lab (BSBA-2C2) Menahil Ramzan,English - II Lab (BSBA-2E2) Menahil Ramzan,,English - II Lab (BAF-2E2) Syeda Ghousia,English - II Lab (BFT-2C2) Sadia Khan,,English - II Lab (BFT-2D2) Sadia Khan,,,,,SL1014,,SL1014,SL1014,,SL1014,SL1014 / English - II Lab (BSBA-2B2) Aqsa Naz,,SL1014,,,,,English - II Lab (BBA-2C2) Menahil Ramzan,,English - II Lab (BSBA-2C2) Menahil Ramzan,English - II Lab (BSBA-2E2) Menahil Ramzan,,English - II Lab (BAF-2E2) Syeda Ghousia,English - II Lab (BFT-2C2) Sadia Khan,,English - II Lab (BFT-2D2) Sadia Khan,,,,,SL1014,,SL1014,SL1014,,SL1014,SL1014 / English - II Lab (BSBA-2B2) Aqsa Naz,,SL1014,,,,,,,,,,,,,,,,,,,,,,,,,,,,,,
F-201,CS5039,,,CS3009,,,SS1014,,,CS5002,,,,CS5009,,,CS4002,,,,,,CS5004,,,,IO5031,,,CS3009,,,MT2005,,MT2005,CS5048,,,,CS5005,,,CS4002,,,,,,CS5087,,,,,,,,,,MT2005,,MT2005,CS5003,,,,CS4061,,,,,,,,,,,,
F-202,EE1005,,IO4041,IO4041,,CS1004,DS3005,,DS3005,CY5003,,,,DS5004,,,CS2006,,CS2006,CS4091,,CS2006,CY5002,,,,EE1005,,IO4041,IO4041,,CS1004,DS3005,,DS3005,CY5004,,,,CS5001,,,CS2006,,CS2006,CS4091,,CS2006,,,,,CS5035,,,EE1005,,,,,,,,,,,,,,,,,,,,,,
F-203,,,CS1004,CS2001,,CS2006,CS4048,,CS4036,,,,,CS4059,,CS4048,CS4048,,CS3004,CS3004,,EE3009,CS2005,,,,CS4001,,CS1004,CS2001,,CS2006,CS4048,,CS4036,,,,,CS4059,,CS4048,CS4048,,CS3004,CS3004,,EE3009,CS2005,,,,DS5006,,,,,,,,,,,,,,,,,,,,,,,,,
F-204,CS4106,,AI2002,CS1004,,CS1004,MG4011,,,,,,,DS5004,,,CS2005,,CS2005,MT2005,,MT2005,CS1002,,,,CS4106,,AI2002,CS1004,,CS1004,MG4011,,,,,,,DS5007,,,CS2005,,CS2005,MT2005,,MT2005,CS1002,,,,CS4001,,CS4039,,,,CS4039,,,,,,,,,,,,,,,,,,,
F-205,SS1007,,SS1019,CS4075,,CS4075,CS2005,,,,,,,CS3009,,SE2001,SE2001,,CS1004,CS1004,,,MT1008,,,,SE2004,,SE2004,CS4075,,CS4075,CS2005,,,,,,,CS3009,,SE2001,SE2001,,CS1004,CS1004,,,MT1008,,,,SE2004,,SE2004,,,,,,,,,,,,,,,,,,,,,,,
F-206,CS2005,,CS2005,CS2005,,,CS2005,,CS3002,,,,,CS3004,,CS3004,CS4064,,MG3013,CS4064,,,,,,,CS2005,,CS2005,CS2005,,,CS2005,,CS3002,,,,,CS3004,,CS3004,CS4064,,MG3013,CS4064,,,,,,,CS4001,,,,,,,,,,,,,,,,,,,,,,,,,
F-207,CS4001,,SE4001,SE4001,,,AI2002,,DS2003,,,,,CS3014,,EE1005,CS2001,,CS4032,CS2005,,,,,,,CS4001,,SE4001,SE4001,,,AI2002,,DS2003,,,,,CS3014,,EE1005,CS2001,,CS4032,CS2005,,,,,,,CS4001,,,,,,,,,,,,,,,,,,,,,,,,,
F-208,EE3009,,CS4063,CS4059,,AI2002,AI2002,,,,,,,CS3009,,CS4063,CS4038,,CS4032,CS4032,,,,,,,EE3009,,CS4063,CS4059,,AI2002,AI2002,,,,,,,CS3009,,CS4063,CS4038,,CS4032,CS4032,,,,,,,,,CS4001,,,,,,,,,,,,,,,,,,,,,,,
F-209,,,CS1004,EE1005,,CS1004,CS1004,,,,,,,AI2002,,AI2002,CS4059,,CS4031,,,,,,,,CS4001,,CS1004,EE1005,,CS1004,CS1004,,,,,,,AI2002,,AI2002,CS4059,,CS4031,,,,,,,,,,,,,,,,,,,,,,,,,,,,,,,,,
F-210,,,EE3009,CS3004,,AI2002,CS3004,,,,,,,DS3002,,EE1005,CS3004,,MT2005,MT2005,,,,,,,,,EE3009,CS3004,,AI2002,CS3004,,,,,,,DS3002,,EE1005,CS3004,,MT2005,MT2005,,,,,,,,,,,,,,,,,,,,,,,,,,,,,,,,
F-301,EE3009,,CS4090,CS4090,,AI2002,MT1008,,MT1008,,,,,AI2002,,AI2002,EE1005,,DS3005,,,,,,,,EE3009,,CS4090,CS4090,,AI2002,MT1008,,MT1008,,,,,AI2002,,AI2002,EE1005,,DS3005,,,,,,,,,,,,,,,,,,,,,,,,,,,,,,,,,
F-302,,,CS3009,CS3009,,EE3009,MT2005,,MT2005,,,,,AI2002,,AI2002,EE3009,,CS1004,CS1004,,MT1008,,,,,,,CS3009,CS3009,,EE3009,MT2005,,MT2005,,,,,AI2002,,AI2002,EE3009,,CS1004,CS1004,,MT1008,,,,,,,,,,,,,,,,,,,,,,,,,,,,,,
F-303,CS3014,,CS3014,CS2006,,EE3009,CS3016,,CS4037,,,,,CS3006,,AI2002,CS2006,,CS3011,CS3009,,SS2036,,,,,CS3014,,CS3014,CS2006,,EE3009,CS3016,,CS4037,,,,,CS3006,,AI2002,CS2006,,CS3011,CS3009,,SS2036,,,,,,,,,,,,,,,,,,,,,,,,,,,,,,
F-304,AI2002,,CS3014,EE3009,,CS4032,CS4032,,,,,,,CS4063,,CS4032,CS4032,,CS4038,CS3016,,MG4526,,,,,AI2002,,CS3014,EE3009,,CS4032,CS4032,,,,,,,CS4063,,CS4032,CS4032,,CS4038,CS3016,,MG4526,,,,,,,,,,,,,,,,,,,,,,,,,,,,,,
F-305,,,CS4106,CS3014,,,CS1004,,,,,,,CS2001,,AI2002,EE3009,,AI2002,AI2002,,,,,,,,,CS4106,CS3014,,,CS1004,,,,,,,CS2001,,AI2002,EE3009,,AI2002,AI2002,,,,,,,,,,,,,,,,,,,,,,,,,,,,,,,,
F-306,MG1002,,MG1002,CS3014,,MG1001,Fundamentals of Management (BAF-2C) Arooj Alvi,,Marketing Management (BSBA-2C) Faisal Saleh,,,,,CS4001,,CS2006,CS3016,,CS2006,CS2006,,CS4037,,,,,MG1002,,MG1002,CS3014,,MG1001,CS4039,,,,,,,CS4001,,CS2006,CS3016,,CS2006,CS2006,,CS4037,,,,,,,,,,,,,,,,,,,,,,,,,,,,,,
F-307,,,CS2006,MG1001,,MG4011,MG4011,,MG4526,,,,,CS4001,,EE3009,CS1004,,CS3014,CS4039,,,,,,,,,CS2006,MG1001,,MG4011,MG4011,,MG4526,,,,,CS4001,,EE3009,CS1004,,CS3014,,,,,,,,,,,,,,,,,,,,,,,,,,,,,,,,,
F-308,CS3006,,CS3006,CS2006,,CS4048,CS3006,,,,,,,CS4001,,CS3014,AI2002,,CS4104,CS4104,,CS2007,,,,,CS3006,,CS3006,CS2006,,CS4048,CS3006,,,,,,,,,CS3014,AI2002,,CS4104,CS4104,,CS2007,,,,,,,,,,,,,,,,,,,,,,,,,,,,,,
F-309,CS4084,,CS4084,AI2002,,CS4104,CS4104,,CS4104,,,,,CS4049,,CS3009,CS3004,,DS2003,DS2003,,,,,,,CS4084,,CS4084,AI2002,,CS4104,CS4104,,CS4104,,,,,CS4049,,,CS3004,,DS2003,DS2003,,,,,,,,,,,,,,,,,,,,,,,,,,,,,,,,
F-310,,,CS4032,AI2002,,CS2006,CS2006,,,,,,,MG3033,,IO4041,CS3014,,IO4041,,,,,,,,,,CS4032,AI2002,,CS2006,CS2006,,,,,,,MG3033,,IO4041,CS3014,,IO4041,,,,,,,,,,,,,,,,,,,,,,,,,,,,,,,,,
F-311,,,SE4002,SE4002,,CS2004,CS2004,,,,,,,CS2005,,CS2005,CS4031,,MT2005,CS4036,,CS4036,,,,,,,SE4002,SE4002,,CS2004,CS2004,,,,,,,CS2005,,CS2005,CS4031,,MT2005,CS4036,,CS4036,,,,,,,,,,,,,,,,,,,,,,,,,,,,,,
F-312,,,CS2006,CS2005,,CS2005,EE1005,,,,,,,CS3001,,CS3001,AI2002,,CS2005,,,,,,,,,,CS2006,CS2005,,CS2005,EE1005,,,,,,,CS3001,,CS3001,AI2002,,CS2005,,,,,,,,,,,,,,,,,,,,,,,,,,,,,,,,,
Lab-1,Distributed Data Engineering (BSBA-8B) Salman Tarique,,Distributed Data Engineering (BSBA-8A) Salman Tarique,Financial Accounting Lab (BFT-2A) Alysha Ifraz,,,,,,,,,,Web Programming lab (BFT-6A) Ahmad Jawad Mustasim,,,Methods in Business Research Lab (BSBA-6B) Syeda Fatima Jaffery,,,Financial Accounting Lab (BAF-2E) Muhammad Ahmed Sultan,,,,,,,,,,CL2005 / Financial Accounting Lab (BFT-2B) Alysha Ifraz,,,IT in Business Lab (BBA-2B) Mahnoor Waheed,,,,,,,IT in Business Lab (BBA-2C) Areeba Khan,,,Financial Accounting Lab (BAF-2A) Alysha Ifraz,,,Financial Accounting Lab (BBA-2D) Attiqa Sohail,,,,,,,,,AL2002,,,,,,,,,,,,,,,,,,,,,,,
Lab-13,CL2006,,,CL1004,,,AL2002,,,,,,,AL2002,,,CS3009,,,CL2006,,,,,,,CL1004,,,CL1004,,,CL1004,,,,,,,CL1004,,,CL1004,,,,,,,,,,,,CL1004,,,,,,,,,,,AL2002,,,CL3001,,,,,,,,,
Lab-14,AL2002,,,CL2005,,,CL1004,,,,,,,AL2002,,,,,,AL2002,,,,,,,AL2002,,,AL2002,,,AL2002,,,,,,,CL2005,,,AL2002,,,AL2002,,,,,,,,,CL2001,,,,CL2006,,,,,,,AL2002,,,CL3001,,,,,,,,,
Lab-15,CL2006,,,CL2005,,,CL2005,,,,,,,,,,,,,CL1004,,,,,,,CL1004,,,,,,,,,,,,,,,,CL2005,,,CL1004,,,,,,,,,CL2005,,,,CL2005,,,,,,,CL2006,,,CL2005,,,,,,,,,
Lab-16,CL2006,,,AL2002,,,,,,,,,,,,,,,,CL2005,,,,,,,CL2006,,,AL2002,,,,,,,,,,CL2006,,,,,,CL2005,,,,,,,,,CL2005,,,,AL2002,,,,,,,CL2006,,,,,,,,,,,,
Lab-17,AL2002,,,AL2002,,,,,,,,,,,,,,,,DL3002,,,,,,,CL2005,,,CL1004,,,,,,,,,,CL2006,,,,,,CL2006,,,,,,,,,CL2006,,,,,,,,,,,CL1002,,,CL2005,,,,,,,,,
Lab-18,AL2002,,,AL2002,,,,,,,,,,,,,,,,,,,,,,,,,,,,,,,,,,,,,,,,,,AL2002,,,,,,,,,AL2002,,,,CL1004,,,,,,,,,,,,,,,,,,,
Lab-2,,,,,,,,,,,,,,,,,,,,,,,,,,,,,,,,,,,,,,,,,,,,,,,,,,,,,,,AL2002,,,,,,,,,,,,,,,,,,,,,,,
Lab-3,Financial Accounting Lab (BAF-2D) Muhammad Ahmed Sultan,,,Machine Learning for Business Analytics Lab (BSBA-6B) Muhammad Zubair,,,,,,,,,,Financial Accounting Lab (BBA-2A) Attiqa Sohail,,,Business Research & Data Mining Lab (BFT-6B) Muhammad Zubair,,,Financial Accounting Lab (BFT-2D) Alysha Ifraz,,,,,,,IT in Business Lab (BBA-2A) Muhammad Shahroz,,,Applications of Business Analytics (BSBA-8A) Sheraz Ahmed,,Applications of Business Analytics (BSBA-8B) Sheraz Ahmed,,,,,,,,,,,Methods in Business Research Lab (BBA-6A) Syeda Fatima Jaffery,,,,,,,,,,,,,,,,SL3003,,,,,,,,,,,,,,,,,,,
Lab-4,,,,,,,,,,,,,,,,,,,,,,,,,,,,,,,,,,,,,,,,,,,,,,,,,,,,,,,CL2006,,,,CL2006,,,,,,,,,,,,,,,,,,,
Lab-6,Financial Accounting Lab (BAF-2C) Fatima Zeb,,,Database Systems for Business Lab (BSBA-6A) Amber Younis,,,,,,,,,,Financial Accounting Lab (BAF-2B) Fatima Zeb,,,Financial Accounting Lab (BBA-2B) Jannat Nazeer,,,Financial Accounting Lab (BSBA-2E) Hafiz Ali Mustafa,,,,Machine Learning Models for Business Analytics Lab (MSBA-2B) Jannat Nazeer,,,Introduction to Database Systems Lab (BFT-4A) Amber Younis,,,,,,Data Analysis for Business - II Lab (BFT-4E) Mahwish Malik,,,,Machine Learning Models for Business Analytics Lab (MSBA-2A) Jannat Nazeer,,,Financial Accounting Lab (BSBA-2D) Hafiz Ali Mustafa,,,Financial Accounting Lab (BSBA-2F) Hafiz Ali Mustafa,,,Integrated Accounting with SAP (BAF-6A) Dr. Mian Muhammad Atif,,,,,,,,,CL1004,,,,Financial Accounting Lab (BFT-2C) Muhammad Ahmed Sultan,,,,,,,,,,,,,,,,,,,
Lab-7,Programming for Business Lab (BFT-2A) Muhammad Azam,,,Methods in Business Research Lab (BAF-6A) Sadia Manzoor,,,,,,,,,,Programming for Business Lab (BFT-2C) Muhammad Azam,,,Financial Accounting Lab (BBA-2C) Attiqa Sohail,,,Data Analysis for Business - II Lab (BFT-4C) Mahwish Malik,,,,,,,Data Analysis for Business - II Lab (BFT-4D) Sadia Manzoor,,,Methods in Business Research Lab (BBA-6B) Syeda Fatima Jaffery,,,Data Analysis for Business - II Lab (BFT-4B) Sadia Manzoor,,,,,,,Introduction to Database Systems Lab (BFT-4D) Inzmam ul Haq,,,Machine Learning for Business Analytics Lab (BSBA-6A) Muhammad Zubair,,,Programming for Business Lab (BFT-2D) Muhammad Azam,,,,,,,Methods in Business Research Lab (BSBA-6A) Syeda Fatima Jaffery,,,,,,Programming for Business Lab (BFT-2B) Areeba Khan,,,,,,,,,,,,,,,,,,,
Lab-8,Introduction to Database Systems Lab (BFT-4E) Inzmam ul Haq,,,Introduction to Database Systems Lab (BFT-4C) Inzmam ul Haq,,,Web Programming lab (BFT-6B) Raja Ijaz,,,,,,,Financial Accounting Lab (BSBA-2A) Fatima Naqvi,,,IT in Business Lab (BBA-2D) Muhammad Shahroz,,,Financial Accounting Lab (BSBA-2C) Fatima Naqvi,,,,,,,Introduction to Database Systems Lab (BFT-4B) Inzmam ul Haq,,,Business Research & Data Mining Lab (BFT-6A) Muhammad Zubair,,,Data Analysis for Business - II Lab (BFT-4A) Fatima Naqvi,,,,,,,Financial Accounting Lab (BSBA-2B) Fatima Naqvi,,,Database Systems for Business Lab (BSBA-6B) Amber Younis,,,,,,,,,,,,CL2001,,,,CL2001,,,,,,,,,,,,,,,,,,,
Micro Lab,EL1005,,,EL1005,,,EL1005,,,,,,,EL1005,,,EL1005,,,EL1005,,,,,,,EL1005,,,EL1005,,,EL1005,,,,,,,EL1005,,,EL1005,,,EL1005,,,,,,,,,EL1005,,,,EL1005,,,,,,,,,,,,,,,,,,,
Old Audi,,,Fundamentals of Management (BFT-2C) Dr. Madiha Waheed,,,,,,,,,,,,,,,,,,,,,,,,,,,,,,,,,,,,,,,,,,,,,,,,,,,,,,,,,,,,,,,,,,,,,,,,,,,
Physics Lab,EL1005,,,EL1005,,,EL1005,,,,,,,EL1005,,,EL1005,,,EL1005,,,,,,,EL1005,,,EL1005,,,EL1005,,,,,,,EL1005,,,EL1005,,,EL1005,,,,,,,,,EL1005,,,,EL1005,,,,,,,,,,,,,,,,,,,
Seminar Hall,CS1004,,AI2002,MT1008,,,MT1008,,,,,,,Web Programming (BFT-6B) Mian Ahmed Shafique,,MT1004,MT1004,,CS4049,Business Finance (BFT-4A) Dr. Omer Mehmood,,Business Finance (BFT-4B) Dr. Omer Mehmood,,,,,CS1004,,AI2002,MT1008,,,MT1008,,,,,,,,,MT1004,MT1004,,CS4049,Business Finance (BFT-4A) Dr. Omer Mehmood,,Business Finance (BFT-4B) Dr. Omer Mehmood,,,,,,,,,,,,,,,,,,,,,,,,,,,,,,
